,Time,Price
0,0,2397.1675675766896
1,1,2371.333300191334
2,2,2573.025408191334
3,3,2573.948942191334
4,4,2574.872476191334
5,5,2639.405053191334
6,6,2722.183183691334
7,7,2804.9613141913337
8,8,2786.6236821913344
9,9,2751.2150541913343
10,10,2637.9508988163348
11,11,2526.136540003834
12,12,2414.322181191334
13,13,2387.5486151913337
14,14,2406.910728191334
15,15,2426.2728411913336
16,16,2420.6873541913337
17,17,2415.101867191333
18,18,2409.5163801913336
19,19,2407.332473191334
20,20,2446.0299326913346
21,21,2484.727392191335
22,22,2533.831336191334
23,23,2572.642711191334
24,24,2559.491993691334
25,25,2546.3412761913337
26,26,2588.055713191335
27,27,2628.9801521913337
28,28,2618.9396941913337
29,29,2635.939831691334
30,30,2652.9399691913336
31,31,2629.971607191334
32,32,2521.442347191333
33,33,2435.504516691333
34,34,2360.862400941333
35,35,2292.1318980663336
36,36,2223.4013951913344
37,37,2199.1026686913337
38,38,2174.803942191334
39,39,2179.990193191334
40,40,2282.283339191334
41,41,2315.6272191913336
42,42,2329.260530191334
43,43,2261.320547191334
44,44,2273.3941141913338
45,45,2285.4676811913337
46,46,2290.7020466913336
47,47,2239.409892441334
48,48,2188.117738191333
49,49,2162.0744856913334
50,50,2136.0312331913337
51,51,2141.806802780133
52,52,2097.8038644857334
53,53,1977.8683583385327
54,54,1857.9328521913333
55,55,1852.6481131913336
56,56,1847.3633741913336
57,57,1860.1290931913336
58,58,1880.3317611913333
59,59,1900.5344291913336
60,60,1914.0217821913336
61,61,1927.5091351913336
62,62,1884.703680191334
63,63,1874.8995588580008
64,64,1865.095437524668
65,65,1855.2913161913343
66,66,1792.355148191334
67,67,1809.855701191334
68,68,1750.1271526913335
69,69,1690.3986041913336
70,70,1717.7524771913336
71,71,1666.6657891913342
72,72,1705.522254191334
73,73,1639.5869511913336
74,74,1642.5624431913343
75,75,1574.937146691334
76,76,1507.3118501913336
77,77,1484.681439191334
78,78,1462.0510281913346
79,79,1489.982128858001
80,80,1517.9132295246673
81,81,1545.8443301913337
82,82,1488.3533711913335
83,83,1430.862412191334
84,84,1373.3714531913342
85,85,1336.5464261913337
86,86,1356.4536551913338
87,87,1376.3608841913342
88,88,1280.844734691334
89,89,1268.458207941334
90,90,1256.0716811913342
91,91,1256.2555531913335
92,92,1140.8774301913338
93,93,1025.499307191334
94,94,1064.981558191334
95,95,1008.130916691334
96,96,932.600230191334
97,97,847.7295211913341
98,98,833.9956491913339
99,99,820.2617771913337
100,100,774.7783501913341
101,101,892.0977471913337
102,102,928.6980411913336
103,103,1016.4101151913336
104,104,970.7731546913336
105,105,925.1361941913336
106,106,959.7580711913338
107,107,949.622595191334
108,108,981.004477191334
109,109,1012.386359191334
110,110,1009.857436191334
111,111,1007.328513191334
112,112,1037.6625131913338
113,113,1009.0629251913338
114,114,986.6989761913336
115,115,931.2468819413336
116,116,875.7947876913338
117,117,820.3426934413337
118,118,764.8905991913339
119,119,725.6170311913338
120,120,686.3434631913337
121,121,678.9748211913337
122,122,577.7270870275435
123,123,562.6063251094387
124,124,547.4855631913339
125,125,546.5893191913337
126,126,588.5830076913338
127,127,630.5766961913341
128,128,758.6330241913338
129,129,773.0958491913341
130,130,797.2782931913339
131,131,762.0506731913338
132,132,759.1182671913339
133,133,660.4461791913342
134,134,686.4923241913339
135,135,733.0379931913341
136,136,744.0023546913341
137,137,754.9667161913341
138,138,762.4885764531888
139,139,812.5053888222612
140,140,862.5222011913338
141,141,821.0054441913339
142,142,861.9306481913341
143,143,827.6838481913338
144,144,816.8221951913338
145,145,844.2008611913337
146,146,837.393321191334
147,147,797.6442491913341
148,148,821.9873331913341
149,149,846.3304171913338
150,150,840.6303411913341
151,151,850.7052571913339
152,152,860.7801731913338
153,153,865.5183281913338
154,154,859.6927461913338
155,155,853.8671641913338
156,156,877.6552631913338
157,157,839.1698421913337
158,158,778.1287611913341
159,159,782.1396201913341
160,160,710.0063601913339
161,161,684.1348411913342
162,162,618.5842051913338
163,163,643.6885696913339
164,164,668.7929341913341
165,165,592.061988191334
166,166,589.327624191334
167,167,586.5932601913341
168,168,642.8792681913337
169,169,642.7250291913338
170,170,636.1914311913338
171,171,618.5555901913337
172,172,600.9197491913337
173,173,586.616125191334
174,174,613.2240771913339
175,175,488.9358771913339
176,176,482.0010086913338
177,177,475.0661401913338
178,178,480.9355776913338
179,179,486.8050151913338
180,180,458.45791019133407
181,181,525.2759771913338
182,182,497.882736191334
183,183,486.5851391913338
184,184,521.506426191334
185,185,443.73668069133385
186,186,365.96693519133385
187,187,379.58623019133387
188,188,393.2055251913338
189,189,549.2005286466897
190,190,502.02630519133385
191,191,494.0090911913338
192,192,485.99187719133386
193,193,517.287413691334
194,194,548.582950191334
195,195,468.33959369133385
196,196,474.57104494133387
197,197,524.0399000663339
198,198,595.1274571288337
199,199,677.024365160084
200,200,681.0150556757088
201,201,614.5533379335212
202,202,548.0916201913337
203,203,509.4121395246671
204,204,470.7326588580003
205,205,432.0531781913336
206,206,403.8790721913337
207,207,420.37467419133367
208,208,410.9326561913337
209,209,401.49063819133374
210,210,344.9324961913338
211,211,463.0539011649298
212,212,493.979315401728
213,213,394.03885215832895
214,214,228.6654501748314
215,215,63.29204819133378
216,216,99.4008953913338
217,217,135.50974259133386
218,218,171.6185897913339
219,219,207.727436991334
220,220,243.836284191334
221,221,127.74573119133396
222,222,78.24205519133369
223,223,104.34213119133386
224,224,80.6304801913338
225,225,71.96116319133392
226,226,196.57555119133383
227,227,180.993835191334
228,228,165.41211919133406
229,229,125.13905319133389
230,230,40.87283519133389
231,231,-43.3933828086661
232,232,-74.56319380866631
233,233,-115.39214380866596
234,234,-45.17533680866615
235,235,-6.030932808666023
236,236,-62.09955380866617
237,237,-118.16817480866632
238,238,-83.29470080866629
239,239,-48.42122680866628
240,240,-72.14754480866628
241,241,-150.8367293086663
242,242,-229.5259138086663
243,243,-230.50031580866607
244,244,-296.32204480866613
245,245,-287.42157930866614
246,246,-241.1600165586661
247,247,-194.8984538086661
248,248,-181.939483808666
249,249,-247.37508380866623
250,250,-274.24375930866614
251,251,-301.112434808666
252,252,-335.433778808666
253,253,-569.3899248086658
254,254,-540.8791778086661
255,255,-569.118243308666
256,256,-439.910619558666
257,257,-461.1600131836661
258,258,-258.0041814961661
259,259,-122.35307140241616
260,260,-20.45432210554113
261,261,138.1083360428965
262,262,170.84389161711528
263,263,355.9361894042247
264,264,485.2688097977792
265,265,614.6014301913337
266,266,623.6207771913339
267,267,632.640124191334
268,268,620.646663191334
269,269,662.074558941334
270,270,730.213133066334
271,271,798.3517071913337
272,272,845.9099521913341
273,273,978.512677691334
274,274,1111.1154031913345
275,275,1154.5089051913342
276,276,1138.918176691334
277,277,1123.3274481913336
278,278,1133.4225851913338
279,279,1148.7120491913342
280,280,1137.877000191334
281,281,1108.3973681913335
282,282,1108.3491198580004
283,283,1108.3008715246674
284,284,1108.252623191334
285,285,1119.3470011913337
286,286,1057.569007191334
287,287,995.791013191334
288,288,950.6978441913336
289,289,1035.5893191913342
290,290,1038.0800131913345
291,291,1060.677803191334
292,292,1025.4464441913335
293,293,1076.2368861913335
294,294,1127.0273281913337
295,295,1125.6649701913343
296,296,1144.5182746913342
297,297,1163.371579191334
298,298,1177.2399741913334
299,299,1140.6143951913334
300,300,1103.9888161913336
301,301,1088.7403511913342
302,302,1059.0112651913337
303,303,1077.2646551913335
304,304,1073.7975661913338
305,305,1060.656431191334
306,306,1063.8428586913335
307,307,1067.0292861913335
308,308,1076.472140191334
309,309,1085.9149941913342
310,310,1075.182429191334
311,311,1087.3171361913342
312,312,1098.473015191334
313,313,1109.628894191334
314,314,1100.5853548580003
315,315,1091.5418155246673
316,316,1082.4982761913338
317,317,1069.1698021913342
318,318,989.0443269025436
319,319,999.5891165469388
320,320,1010.133906191334
321,321,1027.124711191334
322,322,995.097264191334
323,323,992.230096191334
324,324,989.362928191334
325,325,999.846598191334
326,326,952.615659191334
327,327,950.2870361913338
328,328,922.288905191334
329,329,934.5879061913338
330,330,976.650413191334
331,331,1000.5103801913338
332,332,975.9746061913338
333,333,932.1241296913338
334,334,888.2736531913338
335,335,875.8952391913341
336,336,894.8998621913338
337,337,911.5074921913338
338,338,909.2246556913336
339,339,906.9418191913336
340,340,887.9026021913338
341,341,888.8597321913339
342,342,903.6180251913338
343,343,902.7557781913338
344,344,912.9296651913336
345,345,901.3456796913335
346,346,889.7616941913337
347,347,914.786689191334
348,348,909.2818401913336
349,349,889.2355131913341
350,350,822.4363721913338
351,351,848.272015191334
352,352,858.7743351913341
353,353,845.9989911913341
354,354,813.1333171913337
355,355,843.9553268266893
356,356,818.7986400090117
357,357,793.6419531913339
358,358,791.8372251913338
359,359,755.4102451913341
360,360,771.221630191334
361,361,729.5013831913337
362,362,705.1105526913341
363,363,680.7197221913339
364,364,696.8036641913341
365,365,630.8530351913341
366,366,616.1833391913337
367,367,599.1272921913338
368,368,634.049744691334
369,369,668.9721971913342
370,370,633.2956761913338
371,371,642.0997951913339
372,372,650.903914191334
373,373,725.3153001913338
374,374,718.1172191913338
375,375,755.6171401913339
376,376,793.1170611913341
377,377,750.6976261913338
378,378,811.9855951913338
379,379,815.9964461913338
380,380,820.0072971913338
381,381,830.0
382,382,830.0
383,383,830.0
384,384,830.0
385,385,853.7850361913338
386,386,855.3918911913338
387,387,774.0657781913337
388,388,727.447584191334
389,389,680.071606191334
390,390,693.9329031913339
391,391,629.3466181913342
392,392,598.3437521913338
393,393,598.6998781913338
394,394,599.0560041913337
395,395,599.4121301913337
396,396,603.5001641913339
397,397,607.588198191334
398,398,644.8666466913338
399,399,682.1450951913339
400,400,691.7084611913338
401,401,690.4652711913337
402,402,689.2220811913339
403,403,630.5677196913339
404,404,571.9133581913338
405,405,586.5122941913338
406,406,693.5096401913338
407,407,652.9999331913342
408,408,699.6421171913339
409,409,747.0843221913337
410,410,800.0
411,411,900.0
412,412,800.0
413,413,750.8791691913341
414,414,793.9070691913341
415,415,836.9349691913341
416,416,879.9628691913341
417,417,838.7724911913338
418,418,829.3584951913338
419,419,853.5733582488831
420,420,828.6976287201087
421,421,803.8218991913341
422,422,795.0416876913339
423,423,786.2614761913338
424,424,805.4675171913341
425,425,813.3844656913341
426,426,821.3014141913341
427,427,820.867068191334
428,428,841.1917801913338
429,429,811.1756541913338
430,430,828.8844531913338
431,431,822.7762351913341
432,432,819.7891791913339
433,433,833.1294401913341
434,434,846.469701191334
435,435,817.679623191334
436,436,838.3011031238832
437,437,810.6091941576088
438,438,782.917285191334
439,439,769.2758671913341
440,440,755.634449191334
441,441,741.9930311913341
442,442,790.5658251913337
443,443,797.9613571913337
444,444,805.3568891913337
445,445,792.0597841913341
446,446,748.6253281913341
447,447,723.143333191334
448,448,756.2092841913341
449,449,735.4624536913341
450,450,714.7156231913341
451,451,725.7832881913341
452,452,702.9927931913339
453,453,676.0217601913341
454,454,684.1100621913338
455,455,638.3691956913337
456,456,592.6283291913338
457,457,614.5609807913338
458,458,636.4936323913338
459,459,658.4262839913338
460,460,680.3589355913338
461,461,702.2915871913337
462,462,724.0580371913338
463,463,745.8244871913339
464,464,761.7388204413339
465,465,777.6531536913341
466,466,793.5674869413341
467,467,809.4818201913341
468,468,787.194473191334
469,469,774.2390931913337
470,470,811.4362626913339
471,471,848.6334321913341
472,472,841.3366841913339
473,473,853.5591961913337
474,474,885.9065151913338
475,475,918.253834191334
476,476,950.601153191334
477,477,872.6361081913337
478,478,883.2730766913339
479,479,893.9100451913341
480,480,894.6615711913339
481,481,895.4130971913338
482,482,855.1418651913341
483,483,886.2590251913339
484,484,878.7058411913341
485,485,816.4540711913338
486,486,835.2927748580006
487,487,854.1314785246672
488,488,872.9701821913341
489,489,875.476856191334
490,490,877.9835301913341
491,491,863.9125941913339
492,492,839.7345191913339
493,493,815.5564441913339
494,494,863.5751651913338
495,495,872.4056951913341
496,496,834.9673341913341
497,497,818.6047191913341
498,498,799.7534171913339
499,499,806.5620751913341
500,500,765.9882151913339
501,501,754.4694911913339
502,502,722.478384191334
503,503,737.2267961913341
504,504,709.5872166913339
505,505,681.9476371913338
506,506,822.3373321913341
507,507,813.108580691334
508,508,803.8798291913341
509,509,799.4477075246674
510,510,795.0155858580008
511,511,790.5834641913341
512,512,806.105184191334
513,513,791.0801271913338
514,514,641.3982464652419
515,515,683.6747573282877
516,516,725.9512681913337
517,517,758.7358331913338
518,518,836.9296691913338
519,519,854.7073381913337
520,520,890.0061761913339
521,521,911.4165915966892
522,522,885.6047213940112
523,523,859.7928511913337
524,524,887.9319831913341
525,525,891.0535911913339
526,526,854.9823661913338
527,527,870.1754801913339
528,528,854.7499641913339
529,529,839.3244481913339
530,530,779.3258371913339
531,531,773.9528391913341
532,532,762.2399091913339
533,533,714.4036701913337
534,534,773.7336527439322
535,535,742.8736054676331
536,536,712.0135581913338
537,537,711.4111791913338
538,538,710.8088001913337
539,539,682.1736759413337
540,540,653.5385516913339
541,541,624.9034274413339
542,542,596.2683031913339
543,543,610.4414226913339
544,544,624.6145421913337
545,545,578.7691261913337
546,546,593.7590165246671
547,547,608.7489068580006
548,548,623.738797191334
549,549,592.8525321913338
550,550,561.9662671913338
551,551,531.0800021913337
552,552,533.7730511913338
553,553,536.4661001913341
554,554,531.6139001913339
555,555,515.1474761913341
556,556,484.6916111913337
557,557,371.3950267913516
558,558,258.0984423913696
559,559,222.80396664136947
560,560,256.8312339163516
561,561,290.8585011913337
562,562,264.42548119133374
563,563,254.3449431913338
564,564,244.26440519133388
565,565,207.8621366094387
566,566,221.3311129003863
567,567,259.86039079586016
568,568,310.9198194935971
569,569,361.9792481913341
570,570,364.38458519133377
571,571,432.17775069133376
572,572,499.97091619133374
573,573,509.2089106913338
574,574,518.4469051913338
575,575,525.8046811913341
576,576,556.9999658580008
577,577,588.1952505246674
578,578,619.390535191334
579,579,788.8974401913338
580,580,759.6095231913339
581,581,730.3216061913341
582,582,742.7394501913341
583,583,649.4717641913338
584,584,682.0359211913337
585,585,680.4149389466892
586,586,638.0981011913342
587,587,590.2078301913339
588,588,635.8646621913339
589,589,681.5214941913338
590,590,727.1783261913338
591,591,673.454910191334
592,592,704.0154531913341
593,593,747.1225081913341
594,594,790.2295631913339
595,595,861.5974491913339
596,596,871.4139851913337
597,597,806.6444211913341
598,598,797.4347358580006
599,599,788.2250505246672
600,600,779.0153651913338
601,601,695.5916041913338
602,602,683.7230931913341
603,603,610.827754191334
604,604,627.018533191334
605,605,668.2123821913337
606,606,700.7583696913339
607,607,733.304357191334
608,608,765.3989881913341
609,609,771.7125201913341
610,610,818.213307191334
611,611,948.7918831266892
612,612,907.892872191334
613,613,799.182045191334
614,614,789.5954646913341
615,615,780.0088841913339
616,616,875.0515151913339
617,617,970.094146191334
618,618,989.105407191334
619,619,995.5597241913338
620,620,1032.3387631913338
621,621,1092.937791191334
622,622,1055.030679191334
623,623,1075.4413730246672
624,624,1095.8520668580004
625,625,1116.2627606913338
626,626,1136.673454524667
627,627,1157.0841483580002
628,628,1177.4948421913334
629,629,1195.967859191334
630,630,1214.4408761913342
631,631,1171.5692781913335
632,632,1191.5441851913342
633,633,1173.0963181913337
634,634,1218.2569101913334
635,635,1199.8670481913334
636,636,1204.9418996913334
637,637,1210.0167511913337
638,638,1203.5252356913338
639,639,1197.0337201913342
640,640,1200.2345341913338
641,641,1232.9835881913334
642,642,1247.228729191334
643,643,1245.956955191334
644,644,1244.6851811913346
645,645,1250.639259191334
646,646,1234.9131001913345
647,647,1234.8738131913335
648,648,1228.0770881913334
649,649,1206.6549681913343
650,650,1220.3020311913338
651,651,1209.1256701913342
652,652,1161.0292201913342
653,653,1144.949096691334
654,654,1128.868973191334
655,655,1091.3759961913345
656,656,1097.1533971913343
657,657,1102.930798191334
658,658,1122.2811616913343
659,659,1141.6315251913345
660,660,1131.6770661913338
661,661,1135.200018191334
662,662,1125.2860511913336
663,663,1112.8204661913337
664,664,1100.354881191334
665,665,1087.889296191334
666,666,1091.720986191334
667,667,1082.4449516913337
668,668,1073.1689171913335
669,669,1152.7465281913342
670,670,1127.5048141913337
671,671,1115.0590561913336
672,672,1160.337876191334
673,673,1156.346669191334
674,674,1167.5356571913342
675,675,1144.0701981913342
676,676,1132.6253571913337
677,677,1110.9544541913342
678,678,1132.166855191334
679,679,1140.1138721913337
680,680,1151.9819711913335
681,681,1163.8500701913342
682,682,1175.7181691913345
683,683,1149.5019261913335
684,684,1113.286726191334
685,685,1093.887789991334
686,686,1074.488853791334
687,687,1055.0899175913337
688,688,1035.6909813913337
689,689,1016.2920451913336
690,690,1037.4855256913338
691,691,1058.679006191334
692,692,1128.4325941913337
693,693,1136.817154191334
694,694,1181.6390411913342
695,695,1163.5892401913338
696,696,1145.5394391913337
697,697,1135.9272976913342
698,698,1126.3151561913342
699,699,1123.301117191334
700,700,1120.287078191334
701,701,1101.3477241913338
702,702,1095.9090471913337
703,703,1084.190145191334
704,704,1116.2399456940118
705,705,1148.2897461966895
706,706,1118.3605932266894
707,707,1058.820954709012
708,708,999.281316191334
709,709,1035.0168721913335
710,710,974.526444191334
711,711,982.675683191334
712,712,985.890793191334
713,713,982.182600691334
714,714,978.474408191334
715,715,1008.805930191334
716,716,993.705699691334
717,717,978.605469191334
718,718,956.4299821913336
719,719,936.5187776913338
720,720,916.6075731913338
721,721,932.6344051913338
722,722,924.980474191334
723,723,905.944353191334
724,724,881.9348771913337
725,725,863.4326661913337
726,726,830.268908191334
727,727,782.936330191334
728,728,803.703762191334
729,729,792.3382011913341
730,730,771.3198161913338
731,731,791.2151731913341
732,732,811.1105301913341
733,733,792.6506921913337
734,734,803.9641498580005
735,735,815.2776075246674
736,736,826.5910651913341
737,737,850.684847191334
738,738,874.9005431913338
739,739,849.3909416913341
740,740,823.8813401913341
741,741,790.2698831913341
742,742,809.6984911913338
743,743,783.5501561913338
744,744,775.170427191334
745,745,832.3097995564326
746,746,803.1114783738832
747,747,773.9131571913341
748,748,735.674303191334
749,749,697.4354491913341
750,750,698.312186191334
751,751,699.1889231913341
752,752,700.0656601913338
753,753,700.9423971913337
754,754,696.6142041913338
755,755,692.2860111913337
756,756,778.3007201913338
757,757,864.3154291913338
758,758,842.2030951913339
759,759,861.6412281913341
760,760,881.0793611913341
761,761,857.6434261913341
762,762,876.7624171913341
763,763,897.5705951913341
764,764,918.378773191334
765,765,882.2294441913339
766,766,846.0801151913338
767,767,852.4617721913338
768,768,821.8211781913337
769,769,781.6697561913338
770,770,749.6679251913338
771,771,685.5890581913342
772,772,698.1597361913341
773,773,688.8586318067187
774,774,679.5575274221034
775,775,670.2564230374879
776,776,660.9553186528725
777,777,651.6542142682572
778,778,642.3531098836418
779,779,633.0520054990263
780,780,623.7509011144109
781,781,614.4497967297956
782,782,605.1486923451802
783,783,595.8475879605649
784,784,586.5464835759494
785,785,577.245379191334
786,786,687.0339361913339
787,787,685.0435931913338
788,788,734.8783401913341
789,789,784.7130871913341
790,790,865.7151671913339
791,791,869.3818936913341
792,792,873.0486201913341
793,793,911.0527861913338
794,794,943.5125487176332
795,795,929.1500994544832
796,796,914.7876501913338
797,797,952.4799377540116
798,798,990.1722253166896
799,799,924.0456832540116
800,800,857.9191411913339
801,801,853.2478431913339
802,802,848.5765451913339
803,803,895.8010381913341
804,804,882.9162611913339
805,805,815.8484691913341
806,806,818.3426321913339
807,807,820.8367951913337
808,808,813.1889331913337
809,809,805.5410711913338
810,810,797.8932091913339
811,811,791.518556191334
812,812,755.4825061913339
813,813,788.8210911913337
814,814,776.4223381913339
815,815,777.141791191334
816,816,773.9084561913338
817,817,784.3005011913338
818,818,766.8269491913338
819,819,758.560160191334
820,820,788.8177811913338
821,821,742.8410831913337
822,822,781.1312363689324
823,823,774.5549183689324
824,824,745.545364780133
825,825,716.5358111913338
826,826,721.2189551913341
827,827,718.0974241913341
828,828,689.3040091913341
829,829,718.544089191334
830,830,747.7841691913341
831,831,759.2356631913341
832,832,758.747981191334
833,833,758.2602991913341
834,834,757.7726171913341
835,835,700.3039431913339
836,836,714.8538211913337
837,837,708.8847501913338
838,838,714.1744271913341
839,839,675.6671031913338
840,840,649.3880591913338
841,841,675.6281708966894
842,842,635.7118720440118
843,843,595.7955731913338
844,844,605.266114191334
845,845,605.7794771913342
846,846,605.1437001913341
847,847,621.8320491913341
848,848,615.262812191334
849,849,662.1627041913339
850,850,654.5783231913338
851,851,658.6466131913338
852,852,649.2807801913342
853,853,646.9455896913338
854,854,644.6103991913337
855,855,652.7620556913339
856,856,660.9137121913342
857,857,651.0182561913339
858,858,668.271683191334
859,859,660.996017191334
860,860,690.2090051913337
861,861,672.308654191334
862,862,680.012847191334
863,863,661.0114871913338
864,864,673.8913501913338
865,865,673.833099191334
866,866,679.135188691334
867,867,684.4372781913338
868,868,687.1236631913339
869,869,676.0785291913338
870,870,692.6193231913339
871,871,689.5722896913339
872,872,686.5252561913338
873,873,696.9684271913337
874,874,690.7686001913339
875,875,644.5165521913342
876,876,639.358820191334
877,877,629.4833261913342
878,878,560.0223231913337
879,879,547.8316761913338
880,880,544.9053941913338
881,881,528.5110831913338
882,882,540.2738474940119
883,883,552.0366117966896
884,884,528.3216599282379
885,885,504.6067080597858
886,886,480.891756191334
887,887,485.5419511913337
888,888,470.5475741913337
889,889,455.5531971913337
890,890,417.2839371913337
891,891,420.7226306913337
892,892,424.1613241913337
893,893,417.8465371913338
894,894,396.1926286913338
895,895,396.1926286913338
896,896,396.1926286913338
897,897,396.1926286913338
898,898,374.538720191334
899,899,364.1577106913339
900,900,353.77670119133376
901,901,343.49599919133374
902,902,347.9651761913337
903,903,311.60002119133367
904,904,313.80674219133374
905,905,316.6575971913339
906,906,377.7805291913336
907,907,377.0431981913338
908,908,404.5592731913338
909,909,354.66156619133375
910,910,350.46736219133385
911,911,411.1192101913338
912,912,432.5146541913339
913,913,453.9100981913339
914,914,449.3239091913337
915,915,431.69758219133377
916,916,450.77121119133375
917,917,489.1089671913337
918,918,481.1926371913336
919,919,491.42040319133406
920,920,502.266208191334
921,921,523.7772521913339
922,922,543.926121191334
923,923,525.8486781913339
924,924,507.7712351913337
925,925,515.1422726913338
926,926,522.5133101913339
927,927,487.33144119133385
928,928,488.826302191334
929,929,490.3211631913341
930,930,482.4759141913336
931,931,479.14595819133416
932,932,451.14577019133407
933,933,454.60176619133387
934,934,458.0577621913338
935,935,420.72794819133367
936,936,452.8713406913338
937,937,485.014733191334
938,938,456.8728961913338
939,939,458.9620141913337
940,940,481.502203191334
941,941,427.4558281913336
942,942,460.05634319133367
943,943,455.4297001913337
944,944,429.98041719133374
945,945,416.850023191334
946,946,426.078555191334
947,947,463.6393511913338
948,948,435.42383119133416
949,949,448.8996346913341
950,950,462.375438191334
951,951,483.28206119133387
952,952,466.4474261913337
953,953,461.97521369133386
954,954,457.503001191334
955,955,410.436275191334
956,956,406.02478919133415
957,957,419.057347191334
958,958,432.08990519133386
959,959,408.9101841913338
960,960,344.66229319133384
961,961,367.9892148866895
962,962,374.574877191334
963,963,377.4169581913338
964,964,375.2324411913336
965,965,371.4374871913337
966,966,355.84738169133385
967,967,340.2572761913338
968,968,324.66717069133387
969,969,309.077065191334
970,970,405.4883991913338
971,971,403.5995231913338
972,972,375.8815401913338
973,973,394.336284191334
974,974,417.682683191334
975,975,407.8036891913338
976,976,397.9246951913337
977,977,402.7227811913337
978,978,407.5208671913337
979,979,412.3189531913337
980,980,417.1170391913337
981,981,418.4421296913337
982,982,419.7672201913337
983,983,461.2678181913338
984,984,466.9935301913337
985,985,446.2313511913338
986,986,413.58851219133385
987,987,396.44995919133385
988,988,379.3114061913338
989,989,351.65618769133386
990,990,324.0009691913337
991,991,303.3100651913339
992,992,282.61916119133406
993,993,317.3017011913338
994,994,321.7454505246672
995,995,326.18919985800045
996,996,330.6329491913338
997,997,330.2920761913337
998,998,299.76518819133383
999,999,339.60991419133364
1000,1000,343.319958191334
1001,1001,370.4822436840119
1002,1002,397.6445291766896
1003,1003,367.4911826840116
1004,1004,337.3378361913337
1005,1005,312.63524119133393
1006,1006,305.977171191334
1007,1007,299.27046185800066
1008,1008,292.56375252466734
1009,1009,285.857043191334
1010,1010,379.177365191334
1011,1011,397.6366911913337
1012,1012,383.98045919133386
1013,1013,376.0307991913336
1014,1014,325.20429819133363
1015,1015,344.85287719133385
1016,1016,341.3360131913338
1017,1017,337.8191491913338
1018,1018,334.30228519133374
1019,1019,356.26249519133387
1020,1020,379.54870019133386
1021,1021,404.1062241913336
1022,1022,407.937684191334
1023,1023,396.773369191334
1024,1024,385.609054191334
1025,1025,395.3524521913338
1026,1026,405.0958501913337
1027,1027,405.33906419133376
1028,1028,428.2836511913337
1029,1029,444.41010019133415
1030,1030,418.35966919133386
1031,1031,416.549270191334
1032,1032,429.1585131913338
1033,1033,414.4598541913339
1034,1034,399.761195191334
1035,1035,390.9765121913337
1036,1036,365.3355351913337
1037,1037,316.15410019133367
1038,1038,325.9993931913337
1039,1039,335.8446861913339
1040,1040,324.3777386913339
1041,1041,312.91079119133383
1042,1042,322.3444611913337
1043,1043,311.2907396913338
1044,1044,300.2370181913338
1045,1045,329.1437866913338
1046,1046,358.05055519133384
1047,1047,375.0538821913337
1048,1048,342.18247219133394
1049,1049,289.06106619133374
1050,1050,299.0335341913337
1051,1051,307.36867869133374
1052,1052,315.7038231913338
1053,1053,300.21511519133395
1054,1054,349.23290319133406
1055,1055,321.9427761913338
1056,1056,352.34547319133384
1057,1057,332.7017726913338
1058,1058,313.0580721913338
1059,1059,331.00735269133384
1060,1060,348.95663319133376
1061,1061,388.7652641913336
1062,1062,332.94116319133394
1063,1063,312.1595781913337
1064,1064,327.1882371913338
1065,1065,345.24403269133376
1066,1066,363.2998281913337
1067,1067,347.898009191334
1068,1068,352.47435819133386
1069,1069,357.05070719133386
1070,1070,355.8033960246672
1071,1071,354.5560848580005
1072,1072,353.3087736913338
1073,1073,352.0614625246671
1074,1074,350.81415135800046
1075,1075,349.56684019133377
1076,1076,348.3195290246671
1077,1077,347.0722178580004
1078,1078,345.8249066913337
1079,1079,344.577595524667
1080,1080,304.33174685800043
1081,1081,264.0858981913338
1082,1082,205.60040719133391
1083,1083,204.482880191334
1084,1084,238.0762509366893
1085,1085,240.31015719133387
1086,1086,237.33519099133383
1087,1087,234.36022479133385
1088,1088,231.38525859133384
1089,1089,228.41029239133383
1090,1090,225.4353261913338
1091,1091,209.05196019133373
1092,1092,192.3486731913337
1093,1093,175.6453861913337
1094,1094,171.16621319133372
1095,1095,166.68704019133378
1096,1096,126.4212791913337
1097,1097,-65.451727386247
1098,1098,-77.93356159745669
1099,1099,24.95846729886024
1100,1100,139.38788250592984
1101,1101,253.81729771299945
1102,1102,278.247658212999
1103,1103,238.99717246299912
1104,1104,199.7466867129993
1105,1105,149.625076212999
1106,1106,163.69718671299947
1107,1107,131.75688796299934
1108,1108,99.8165892129992
1109,1109,57.48741721299948
1110,1110,53.7750049629993
1111,1111,50.06259271299914
1112,1112,43.756676712999344
1113,1113,33.11493121299927
1114,1114,53.029705212999104
1115,1115,79.73397421299919
1116,1116,71.26687021299891
1117,1117,58.80829321299946
1118,1118,16.026554712998944
1119,1119,14.544856212998951
1120,1120,-71.72224978700083
1121,1121,-63.28767103700071
1122,1122,-54.85309228700058
1123,1123,-42.80913778700054
1124,1124,-30.76518328700049
1125,1125,61.74081473993501
1126,1126,19.265414976467238
1127,1127,-23.209984787000536
1128,1128,-89.99383228700087
1129,1129,-55.38001678700054
1130,1130,-35.09106628700047
1131,1131,-86.10638278700085
1132,1132,-118.96891378700109
1133,1133,-53.528599787001006
1134,1134,11.911714212999046
1135,1135,-3.732264287000731
1136,1136,25.14931921299953
1137,1137,16.783793712999426
1138,1138,74.31233071299889
1139,1139,71.59486321299924
1140,1140,58.75149646299936
1141,1141,-20.640623912000613
1142,1142,-100.0327442870006
1143,1143,-109.91038528700064
1144,1144,-81.43717678700105
1145,1145,-75.69877528700104
1146,1146,-30.86166478700093
1147,1147,-31.247535287000947
1148,1148,-54.07267378700081
1149,1149,-45.890036537000846
1150,1150,-37.70739928700087
1151,1151,-29.52476203700089
1152,1152,-21.342124787000927
1153,1153,-63.5834102870007
1154,1154,-49.005137287000615
1155,1155,-34.426864287000534
1156,1156,-19.84859128700046
1157,1157,-9.186026537000686
1158,1158,1.4765382129990885
1159,1159,3.9164682129990926
1160,1160,6.356398212999097
1161,1161,18.556603962998995
1162,1162,30.75680971299889
1163,1163,-0.8200922870006764
1164,1164,0.0109294629993144
1165,1165,0.8419512129993052
1166,1166,66.23013571299916
1167,1167,70.08228871299943
1168,1168,108.7633557129994
1169,1169,46.22699071299903
1170,1170,43.18087021299935
1171,1171,52.93403821299953
1172,1172,46.96499521299947
1173,1173,54.673820712999344
1174,1174,80.90785921299889
1175,1175,92.0205274629992
1176,1176,103.13319571299948
1177,1177,81.19511821299906
1178,1178,115.86125221299912
1179,1179,88.04854321299953
1180,1180,96.43049171299944
1181,1181,104.81244021299936
1182,1182,113.19438871299928
1183,1183,95.57192521299916
1184,1184,148.74574471299928
1185,1185,201.91956421299943
1186,1186,159.4565044778514
1187,1187,116.99344474270342
1188,1188,197.8357242278512
1189,1189,278.67800371299893
1190,1190,325.5608592129991
1191,1191,372.4437147129992
1192,1192,450.67562071299926
1193,1193,412.8332007129992
1194,1194,316.95361771299906
1195,1195,312.3521682129993
1196,1196,307.7507187129994
1197,1197,289.48356571299894
1198,1198,275.2052187129992
1199,1199,292.9325847129993
1200,1200,310.6599507129994
1201,1201,307.54296221299944
1202,1202,304.4259737129996
1203,1203,301.30898521299963
1204,1204,244.4536189629993
1205,1205,187.5982527129989
1206,1206,189.88811446299917
1207,1207,192.17797621299937
1208,1208,203.74134721299907
1209,1209,273.93547257496584
1210,1210,264.61748264398244
1211,1211,255.299492712999
1212,1212,286.0497282129989
1213,1213,302.23810471299936
1214,1214,319.80730771299943
1215,1215,337.37651071299945
1216,1216,358.68946921299937
1217,1217,447.9336822129994
1218,1218,444.5473302129993
1219,1219,509.7768957129989
1220,1220,479.31924421299897
1221,1221,498.9729342129991
1222,1222,509.50255719898246
1223,1223,483.877990705991
1224,1224,458.25342421299945
1225,1225,435.35644021299896
1226,1226,382.8238707129996
1227,1227,422.2606902129995
1228,1228,441.4700074629997
1229,1229,460.6793247129996
1230,1230,434.94157021299935
1231,1231,409.2038157129992
1232,1232,337.7642157129991
1233,1233,375.32266921299936
1234,1234,339.71074621299937
1235,1235,288.44840671299886
1236,1236,301.2007287129992
1237,1237,348.28603621299936
1238,1238,316.2535017129993
1239,1239,356.96141071299934
1240,1240,332.64193471299893
1241,1241,340.3244907129992
1242,1242,343.8842907129992
1243,1243,377.3876352129992
1244,1244,410.8909797129992
1245,1245,444.3943242129992
1246,1246,477.8976687129992
1247,1247,511.4010132129992
1248,1248,500.3231697129992
1249,1249,478.8894769629992
1250,1250,457.4557842129989
1251,1251,505.76422471299935
1252,1252,458.47088071299896
1253,1253,424.38382471299934
1254,1254,435.07285521299934
1255,1255,445.7618857129992
1256,1256,456.4509162129992
1257,1257,497.9338002129992
1258,1258,539.4166842129994
1259,1259,580.8995682129993
1260,1260,500.22924121299934
1261,1261,495.6114642129991
1262,1262,484.07275771299936
1263,1263,522.9164442129992
1264,1264,585.3282507129993
1265,1265,567.1759939629993
1266,1266,549.023737212999
1267,1267,536.694731712999
1268,1268,624.5535357129993
1269,1269,591.8375337129991
1270,1270,610.054781712999
1271,1271,512.133845712999
1272,1272,557.6541867129994
1273,1273,579.5980212129992
1274,1274,618.2768997129991
1275,1275,659.9494482129993
1276,1276,736.716784212999
1277,1277,724.481246712999
1278,1278,745.3835832129996
1279,1279,780.795301212999
1280,1280,817.7996067129993
1281,1281,782.0665542129991
1282,1282,825.7767612129994
1283,1283,845.5518147129993
1284,1284,821.5955202129993
1285,1285,889.3949078379993
1286,1286,962.5178447754992
1287,1287,1035.6407817129991
1288,1288,1016.6654877129992
1289,1289,997.690193712999
1290,1290,957.2001739629992
1291,1291,916.7101542129992
1292,1292,902.1386467589824
1293,1293,887.5671393049658
1294,1294,814.9622767589824
1295,1295,805.7943189859908
1296,1296,828.3448135994947
1297,1297,850.895308212999
1298,1298,834.6910617129988
1299,1299,818.4868152129991
1300,1300,802.2825687129993
1301,1301,786.0783222129993
1302,1302,825.8647497129991
1303,1303,865.6511772129991
1304,1304,882.2241192129991
1305,1305,834.2998002129992
1306,1306,829.7097627129996
1307,1307,797.8636058379992
1308,1308,752.3893892754991
1309,1309,706.9151727129988
1310,1310,666.8004638816034
1311,1311,622.4041332129995
1312,1312,536.8987234629992
1313,1313,451.393313712999
1314,1314,403.95576646299895
1315,1315,356.51821921299904
1316,1316,305.2460877129994
1317,1317,288.34840948996583
1318,1318,310.5772287129995
1319,1319,286.1798037129992
1320,1320,293.4126582129992
1321,1321,349.82024521299934
1322,1322,386.89004071299934
1323,1323,372.68938996299937
1324,1324,340.2154230879994
1325,1325,356.4511919004991
1326,1326,393.8214875567492
1327,1327,431.1917832129992
1328,1328,402.3015642129991
1329,1329,307.5560037129996
1330,1330,319.3053087129992
1331,1331,268.8835302129995
1332,1332,224.14924996299945
1333,1333,179.4149697129993
1334,1334,227.245885212999
1335,1335,148.514063712999
1336,1336,102.01636171299933
1337,1337,124.56427771299909
1338,1338,108.667402212999
1339,1339,124.92117421299926
1340,1340,157.83136621299926
1341,1341,190.7415582129992
1342,1342,210.1539942129992
1343,1343,241.5542442129993
1344,1344,222.83468071299907
1345,1345,291.9489612129993
1346,1346,304.36448746299936
1347,1347,316.78001371299945
1348,1348,285.98878021299936
1349,1349,199.2691782129994
1350,1350,163.38514471299945
1351,1351,175.55529121299907
1352,1352,163.89420046299918
1353,1353,152.23310971299938
1354,1354,153.36569971299932
1355,1355,148.91641321299934
1356,1356,169.37331721299947
1357,1357,207.5192007129992
1358,1358,245.6650842129989
1359,1359,196.8665577129992
1360,1360,232.68202321299907
1361,1361,268.4974887129989
1362,1362,244.0528632129996
1363,1363,287.0506587129993
1364,1364,322.7466597129992
1365,1365,254.44592671299927
1366,1366,250.6212357129992
1367,1367,258.0283137129992
1368,1368,256.3075062129996
1369,1369,254.2768807129996
1370,1370,252.2462552129995
1371,1371,266.05383312966615
1372,1372,279.8614110463328
1373,1373,293.6689889629994
1374,1374,307.47656687966605
1375,1375,321.28414479633267
1376,1376,335.0917227129993
1377,1377,437.67193021299937
1378,1378,462.7084879629992
1379,1379,487.7450457129991
1380,1380,550.3014312129995
1381,1381,525.4622337129991
1382,1382,437.9199612129991
1383,1383,350.377688712999
1384,1384,340.9984962129992
1385,1385,301.7913439629993
1386,1386,262.5841917129993
1387,1387,245.04571771299945
1388,1388,227.50724371299935
1389,1389,209.96876971299943
1390,1390,250.42043896299947
1391,1391,290.8721082129995
1392,1392,274.8694992129992
1393,1393,292.6202667129993
1394,1394,313.57359071299936
1395,1395,334.52691471299937
1396,1396,355.4802387129995
1397,1397,321.9824472129993
1398,1398,318.7209822129995
1399,1399,297.7393487129994
1400,1400,276.75771521299936
1401,1401,255.7760817129993
1402,1402,290.4650472129989
1403,1403,382.7505679629991
1404,1404,475.03608871299934
1405,1405,446.72329621299934
1406,1406,326.5707934629993
1407,1407,230.3978760879993
1408,1408,146.21475140049944
1409,1409,62.03162671299955
1410,1410,23.98573771299889
1411,1411,70.22165971299918
1412,1412,99.85392421299944
1413,1413,84.04629271299912
1414,1414,76.00385221299949
1415,1415,33.00211321299898
1416,1416,45.72534046299914
1417,1417,58.44856771299928
1418,1418,-0.8482607870006689
1419,1419,9.982351212999534
1420,1420,-8.345709287000457
1421,1421,-26.67376978700045
1422,1422,-2.0348882870011096
1423,1423,7.177700712999325
1424,1424,25.817954712999462
1425,1425,23.22240196299921
1426,1426,20.62684921299896
1427,1427,-50.126304287000856
1428,1428,-68.02541278700099
1429,1429,-85.92452128700111
1430,1430,-62.87988499228328
1431,1431,-108.43309613964206
1432,1432,-153.98630728700087
1433,1433,-123.00340078700071
1434,1434,-124.54320553700076
1435,1435,-126.0830102870008
1436,1436,-76.40653378700075
1437,1437,-9.800509787000834
1438,1438,-35.70461278700069
1439,1439,-61.60871578700053
1440,1440,-25.58251535165785
1441,1441,-59.15063656932932
1442,1442,-92.71875778700078
1443,1443,-83.58740428700108
1444,1444,-107.47339603700098
1445,1445,-131.35938778700086
1446,1446,-155.24537953700082
1447,1447,-179.1313712870007
1448,1448,-203.0173630370006
1449,1449,-226.9033547870005
1450,1450,-205.5969017870005
1451,1451,-184.2904487870005
1452,1452,-162.98399578700057
1453,1453,-141.6775427870006
1454,1454,-110.02075828700065
1455,1455,-124.87422778700068
1456,1456,-139.4057912870011
1457,1457,-131.97428878700055
1458,1458,-67.59613528700075
1459,1459,-82.66543978700057
1460,1460,-78.16549378700076
1461,1461,-73.66554778700097
1462,1462,-123.2315357870008
1463,1463,-75.57103378700107
1464,1464,-67.44464878700107
1465,1465,-55.94420578700071
1466,1466,-80.42253628700055
1467,1467,-85.11439228700047
1468,1468,-26.95626328700056
1469,1469,-50.5429977870007
1470,1470,-74.12973228700085
1471,1471,-97.716466787001
1472,1472,-89.96414128700044
1473,1473,-68.13812428700071
1474,1474,-46.31210728700094
1475,1475,-50.629464287000616
1476,1476,-28.305010787000608
1477,1477,0.0
1478,1478,100.0
1479,1479,150.0
1480,1480,150.0
1481,1481,100.0
1482,1482,60.0489687129992
1483,1483,36.39831946299907
1484,1484,12.74767021299894
1485,1485,42.49762471299945
1486,1486,-57.52079428700054
1487,1487,-103.75442878700063
1488,1488,-118.99792153700074
1489,1489,-134.24141428700082
1490,1490,-149.1531887870007
1491,1491,-135.3900025370007
1492,1492,-121.62681628700072
1493,1493,-98.7120595370009
1494,1494,-75.7973027870011
1495,1495,-154.2352937870006
1496,1496,-163.37612728700097
1497,1497,-126.10956028700062
1498,1498,-126.98447428700106
1499,1499,-123.95176978700091
1500,1500,-123.95177028700095
1501,1501,-123.95177078700092
1502,1502,-89.09846828700073
1503,1503,-115.87969778700108
1504,1504,-97.66896428700102
1505,1505,-82.94671628700098
1506,1506,-94.3062260370007
1507,1507,-105.66573578700078
1508,1508,-40.82702678700071
1509,1509,-9.43917578700075
1510,1510,-16.39259528700086
1511,1511,-126.76824878700108
1512,1512,-131.42815928700062
1513,1513,-137.61496928700078
1514,1514,-111.08737778700106
1515,1515,-84.55978628700086
1516,1516,-47.598371787000815
1517,1517,-38.47074878700096
1518,1518,-9.991060287000892
1519,1519,20.503085462999024
1520,1520,50.99723121299893
1521,1521,36.44067696299908
1522,1522,21.88412271299921
1523,1523,44.51895321299936
1524,1524,-18.10178078700073
1525,1525,-4.7430537870009175
1526,1526,-19.777285287000726
1527,1527,-49.06325078700093
1528,1528,-14.577806787001007
1529,1529,-17.807743287000907
1530,1530,-21.0376797870008
1531,1531,-16.92218228700085
1532,1532,-12.806684787000904
1533,1533,-8.691187287000956
1534,1534,5.765110712999103
1535,1535,5.601777212998968
1536,1536,16.564744712999072
1537,1537,23.584179212999054
1538,1538,63.80140296299942
1539,1539,104.0186267129993
1540,1540,97.96159671299893
1541,1541,93.70430646299884
1542,1542,89.44701621299919
1543,1543,77.3558897129992
1544,1544,141.7190927129991
1545,1545,121.0444832129992
1546,1546,201.0917867129993
1547,1547,238.8267707129989
1548,1548,220.70410896299904
1549,1549,202.5814472129992
1550,1550,154.81923021299914
1551,1551,107.0570132129992
1552,1552,151.08783921299892
1553,1553,145.7095352129991
1554,1554,242.69672888271683
1555,1555,339.6839225524345
1556,1556,309.16945538271665
1557,1557,278.65498821299894
1558,1558,195.33168621299907
1559,1559,181.99908321299927
1560,1560,184.0243232129992
1561,1561,163.21228371299912
1562,1562,124.27411521299928
1563,1563,189.15765396299912
1564,1564,184.2554803379992
1565,1565,149.2718505254992
1566,1566,114.2882207129992
1567,1567,92.306437712999
1568,1568,61.147879712998936
1569,1569,38.57736471299904
1570,1570,53.11032171299893
1571,1571,84.51339321299929
1572,1572,100.724845712999
1573,1573,102.87737721299892
1574,1574,181.26905555459172
1575,1575,192.45577813379552
1576,1576,264.13509692339704
1577,1577,335.8144157129986
1578,1578,332.3883002129988
1579,1579,287.0905652129996
1580,1580,232.9949837129993
1581,1581,251.9778497129987
1582,1582,226.422142212999
1583,1583,200.86643471299885
1584,1584,175.31072721299915
1585,1585,210.44257371299904
1586,1586,188.0700917129993
1587,1587,227.41053771299903
1588,1588,218.51197671299903
1589,1589,209.61341571299909
1590,1590,185.19129171299937
1591,1591,160.76916771299918
1592,1592,158.50108671299904
1593,1593,212.64544671299927
1594,1594,240.09904821299915
1595,1595,267.552649712999
1596,1596,220.5964952129993
1597,1597,214.03100046299917
1598,1598,207.4655057129989
1599,1599,201.46315671299908
1600,1600,39.38922020216636
1601,1601,-122.68471630866634
1602,1602,-131.2602098086663
1603,1603,-140.83886980866626
1604,1604,-150.4175298086659
1605,1605,-162.3156018086661
1606,1606,-166.42369980866604
1607,1607,-156.3674458086659
1608,1608,-146.3111918086661
1609,1609,-190.3977458086661
1610,1610,-213.76275880866592
1611,1611,-249.66491430866583
1612,1612,-285.567069808666
1613,1613,-282.2175068086661
1614,1614,-288.028298808666
1615,1615,-336.7739058086663
1616,1616,-297.071716808666
1617,1617,-334.9992438086663
1618,1618,-372.92677080866633
1619,1619,-364.1772778086661
1620,1620,-397.48051380866616
1621,1621,-424.433764808666
1622,1622,-454.9957058086658
1623,1623,-445.0011738086664
1624,1624,-390.57556880866616
1625,1625,-336.1499638086658
1626,1626,-339.2286038086661
1627,1627,-342.3072438086661
1628,1628,-340.1541748086658
1629,1629,-338.0011058086659
1630,1630,-365.26205580866616
1631,1631,-563.0540386592307
1632,1632,-611.4488069753195
1633,1633,-535.3458965126783
1634,1634,-396.9941466606721
1635,1635,-258.64239680866604
1636,1636,-257.3359633086659
1637,1637,-256.029529808666
1638,1638,-212.3929768086664
1639,1639,-181.6897028086662
1640,1640,-195.070914808666
1641,1641,-202.32418180866603
1642,1642,-213.38755980866608
1643,1643,-178.37790780866638
1644,1644,-149.2114118086661
1645,1645,-167.492147808666
1646,1646,-183.615492808666
1647,1647,-149.2821468086663
1648,1648,-155.6196378086663
1649,1649,-161.9571288086663
1650,1650,-149.569689808666
1651,1651,-131.4910258086661
1652,1652,-148.2971118086659
1653,1653,-165.10319780866595
1654,1654,-148.2893148086664
1655,1655,-155.40796307331084
1656,1656,-166.90999580866628
1657,1657,-179.03251180866596
1658,1658,-179.81414180866594
1659,1659,-186.069728808666
1660,1660,-173.7544098086662
1661,1661,-199.62500030866607
1662,1662,-225.4955908086661
1663,1663,-221.2807058086662
1664,1664,-234.09616130866607
1665,1665,-246.911616808666
1666,1666,-240.0
1667,1667,-240.0
1668,1668,-240.0
1669,1669,-240.0
1670,1670,-240.0
1671,1671,-240.0
1672,1672,-240.0
1673,1673,-240.0
1674,1674,-240.0
1675,1675,-225.50826680866592
1676,1676,-230.82889080866607
1677,1677,-217.857593808666
1678,1678,-189.1801538086661
1679,1679,-189.31111580866605
1680,1680,-189.44207780866623
1681,1681,-213.0438698086664
1682,1682,-200.7331548086663
1683,1683,-245.49029280866603
1684,1684,-229.1325703086661
1685,1685,-212.774847808666
1686,1686,-196.41712530866585
1687,1687,-180.05940280866594
1688,1688,-175.26233180866595
1689,1689,-30.53930255085263
1690,1690,-1.7789235508526993
1691,1691,-30.99986967975945
1692,1692,-60.2208158086662
1693,1693,-62.95945580866624
1694,1694,-65.69809580866604
1695,1695,-97.96235880866608
1696,1696,-106.56244680866598
1697,1697,-128.41801580866604
1698,1698,-123.5220118086663
1699,1699,-146.9726008086664
1700,1700,-140.0
1701,1701,-140.0
1702,1702,-140.0
1703,1703,-140.0
1704,1704,-138.5840558086661
1705,1705,-162.93558380866605
1706,1706,-173.2138008086663
1707,1707,-181.375615808666
1708,1708,-164.83344080866596
1709,1709,-148.2912658086659
1710,1710,-140.42943780866608
1711,1711,-166.94423180866605
1712,1712,-194.9515228086659
1713,1713,-251.4229588086664
1714,1714,-264.01585780866594
1715,1715,-253.63744830866608
1716,1716,-243.25903880866628
1717,1717,-229.41495680866643
1718,1718,-237.84303680866608
1719,1719,-250.87916630866607
1720,1720,-263.9152958086661
1721,1721,-294.53008580866594
1722,1722,-319.9828178086664
1723,1723,-306.5607548086664
1724,1724,-293.1386918086664
1725,1725,-321.7806748086664
1726,1726,-338.976123808666
1727,1727,-321.1991008086659
1728,1728,-276.40328080866607
1729,1729,-245.37399680866608
1730,1730,-311.0632708086664
1731,1731,-335.3997768086661
1732,1732,-322.2423393086661
1733,1733,-309.084901808666
1734,1734,-270.0
1735,1735,-270.0
1736,1736,-270.0
1737,1737,-270.0
1738,1738,-270.0
1739,1739,-286.5971608086661
1740,1740,-271.7649678086664
1741,1741,-218.77470280866623
1742,1742,-211.99548280866608
1743,1743,-190.80395680866604
1744,1744,-212.80823330866608
1745,1745,-234.812509808666
1746,1746,-257.6818228086661
1747,1747,-280.5511358086663
1748,1748,-290.8400408086664
1749,1749,-300.57322780866593
1750,1750,-260.2622448086663
1751,1751,-179.98185980866631
1752,1752,-219.064309808666
1753,1753,-240.08779080866643
1754,1754,-196.336766808666
1755,1755,-127.39762380866593
1756,1756,-98.35047680866636
1757,1757,-108.55423080866603
1758,1758,-147.48355680866618
1759,1759,-200.233249808666
1760,1760,-201.15779480866604
1761,1761,-168.09251330866618
1762,1762,-135.0272318086663
1763,1763,-134.56770780866623
1764,1764,-96.04822280866595
1765,1765,-83.03439080866609
1766,1766,-75.49306430866612
1767,1767,-67.95173780866594
1768,1768,-69.81729680866594
1769,1769,-71.68285580866593
1770,1770,-73.54841480866594
1771,1771,-75.41397380866594
1772,1772,-77.27953280866593
1773,1773,-79.14509180866594
1774,1774,-72.2355198086659
1775,1775,-69.18099080866591
1776,1776,-65.79013580866604
1777,1777,-102.5097023086662
1778,1778,-139.22926880866638
1779,1779,-122.654032808666
1780,1780,-110.44047980866594
1781,1781,-125.9071458086662
1782,1782,-145.2253188086661
1783,1783,-156.7994663086661
1784,1784,-168.37361380866605
1785,1785,-174.62834180866642
1786,1786,-175.4153913086664
1787,1787,-176.2024408086663
1788,1788,-206.69837080866645
1789,1789,-210.2421898086664
1790,1790,-248.140438808666
1791,1791,-256.5203268086659
1792,1792,-277.4279381419992
1793,1793,-298.33554947533275
1794,1794,-319.24316080866606
1795,1795,-344.9223488086664
1796,1796,-321.93615680866606
1797,1797,-291.6862484753328
1798,1798,-261.4363401419996
1799,1799,-231.1864318086664
1800,1800,-273.20516080866605
1801,1801,-233.976671808666
1802,1802,-226.6471138086661
1803,1803,-219.3175558086664
1804,1804,-149.07905680866634
1805,1805,-144.94444030866634
1806,1806,-140.80982380866638
1807,1807,-158.93432980866623
1808,1808,-147.24532180866595
1809,1809,-151.6684908086663
1810,1810,-171.3677868086661
1811,1811,-209.483750808666
1812,1812,-168.6298508086661
1813,1813,-183.98802680866632
1814,1814,-186.202809808666
1815,1815,-199.0045868086661
1816,1816,-211.80636380866628
1817,1817,-189.6123488086664
1818,1818,-202.9381108086664
1819,1819,-190.6826968086664
1820,1820,-178.42728280866643
1821,1821,-177.4216381419997
1822,1822,-176.41599347533267
1823,1823,-175.41034880866596
1824,1824,-194.4615053086661
1825,1825,-213.512661808666
1826,1826,-265.742155808666
1827,1827,-245.20158980866609
1828,1828,-262.43103980866607
1829,1829,-279.66048980866594
1830,1830,-311.4754608086664
1831,1831,-301.0056798086662
1832,1832,-290.5358988086662
1833,1833,-280.0661178086659
1834,1834,-254.8382158086661
1835,1835,-261.84771547533273
1836,1836,-268.8572151419994
1837,1837,-275.8667148086661
1838,1838,-269.901375808666
1839,1839,-246.153166308666
1840,1840,-222.404956808666
1841,1841,-226.284422808666
1842,1842,-243.18713080866607
1843,1843,-267.5507358086661
1844,1844,-267.0684708086663
1845,1845,-298.2911038086661
1846,1846,-329.5137368086659
1847,1847,-254.4963155685675
1848,1848,-177.43197448595677
1849,1849,-279.1924215822566
1850,1850,-358.1860949310717
1851,1851,-369.7067974876741
1852,1852,-347.49101464817016
1853,1853,-325.2752318086664
1854,1854,-329.07306880866616
1855,1855,-380.97870980866605
1856,1856,-332.39340280866617
1857,1857,-320.082043808666
1858,1858,-308.4142008086663
1859,1859,-339.7711658086664
1860,1860,-328.6159878086662
1861,1861,-315.329904808666
1862,1862,-299.82950330866606
1863,1863,-284.3291018086661
1864,1864,-283.4099128086664
1865,1865,-282.16120280866613
1866,1866,-301.8421228086663
1867,1867,-290.146951808666
1868,1868,-297.98050380866607
1869,1869,-292.28439880866614
1870,1870,-323.34724780866617
1871,1871,-351.5004198086661
1872,1872,-379.6535918086661
1873,1873,-353.09727280866616
1874,1874,-378.94920080866615
1875,1875,-404.8011288086664
1876,1876,-469.51820680866615
1877,1877,-460.06678580866605
1878,1878,-414.0320918086664
1879,1879,-383.0521498086664
1880,1880,-377.7134343086664
1881,1881,-372.37471880866633
1882,1882,-360.2429008086661
1883,1883,-394.1481228086664
1884,1884,-393.153024808666
1885,1885,-393.9987813086661
1886,1886,-394.844537808666
1887,1887,-391.9351638086664
1888,1888,-398.2577008086664
1889,1889,-394.36318980866616
1890,1890,-390.468678808666
1891,1891,-406.2244344753327
1892,1892,-421.98019014199934
1893,1893,-437.735945808666
1894,1894,-443.37389080866586
1895,1895,-457.0307218086664
1896,1896,-448.03392130866615
1897,1897,-439.037120808666
1898,1898,-463.00986380866607
1899,1899,-504.0949908086664
1900,1900,-507.9546713086664
1901,1901,-511.8143518086664
1902,1902,-534.975307808666
1903,1903,-521.712437308666
1904,1904,-508.4495668086661
1905,1905,-534.3909428086663
1906,1906,-541.8788048086661
1907,1907,-479.80233580866616
1908,1908,-493.79288847533286
1909,1909,-507.7834411419995
1910,1910,-521.7739938086662
1911,1911,-504.39017680866624
1912,1912,-542.4755088086663
1913,1913,-524.6257918086661
1914,1914,-506.77607480866624
1915,1915,-456.5926488086661
1916,1916,-456.0970094753328
1917,1917,-455.6013701419995
1918,1918,-455.1057308086662
1919,1919,-452.4430578086663
1920,1920,-380.6968507560677
1921,1921,-399.7509992823668
1922,1922,-418.80514780866594
1923,1923,-422.6947273086661
1924,1924,-426.58430680866616
1925,1925,-565.6655203862467
1926,1926,-520.0011010974564
1927,1927,-474.3366818086661
1928,1928,-454.8452548086661
1929,1929,-440.73548580866606
1930,1930,-466.465298808666
1931,1931,-445.65664180866594
1932,1932,-442.6595118086661
1933,1933,-446.55966980866606
1934,1934,-450.459827808666
1935,1935,-469.70887280866606
1936,1936,-479.0939758086661
1937,1937,-467.778158808666
1938,1938,-484.6481058086662
1939,1939,-504.642841308666
1940,1940,-524.6375768086658
1941,1941,-530.5310878086661
1942,1942,-546.2692778086662
1943,1943,-562.0074678086662
1944,1944,-597.4415428086659
1945,1945,-601.4057388086662
1946,1946,-600.6432678086662
1947,1947,-631.377163808666
1948,1948,-625.2906478086661
1949,1949,-665.2887538086661
1950,1950,-671.6805008086662
1951,1951,-697.0500948086659
1952,1952,-685.285354308666
1953,1953,-673.520613808666
1954,1954,-650.8859401419994
1955,1955,-628.2512664753327
1956,1956,-605.6165928086663
1957,1957,-621.6746318086663
1958,1958,-601.0150278086662
1959,1959,-611.2631733086662
1960,1960,-621.5113188086661
1961,1961,-593.6071698086662
1962,1962,-610.0297653086661
1963,1963,-626.4523608086662
1964,1964,-646.7468014009885
1965,1965,-667.0412419933109
1966,1966,-598.9365318086661
1967,1967,-614.8094558086658
1968,1968,-589.2309168086663
1969,1969,-607.7936768086662
1970,1970,-610.0170698086662
1971,1971,-612.2404628086663
1972,1972,-614.4638558086663
1973,1973,-633.2149822968114
1974,1974,-606.8188075527387
1975,1975,-580.4226328086662
1976,1976,-596.1272813086663
1977,1977,-611.8319298086662
1978,1978,-603.8830938086662
1979,1979,-610.3023158086662
1980,1980,-640.5419888086662
1981,1981,-637.131369808666
1982,1982,-643.039351308666
1983,1983,-648.947332808666
1984,1984,-655.376157808666
1985,1985,-675.2961768086661
1986,1986,-704.7585121419994
1987,1987,-734.2208474753328
1988,1988,-763.6831828086661
1989,1989,-741.0781003086661
1990,1990,-718.4730178086661
1991,1991,-736.3112208086659
1992,1992,-709.9589821886168
1993,1993,-730.4557589986415
1994,1994,-750.9525358086662
1995,1995,-787.1359258086659
1996,1996,-792.8641028086662
1997,1997,-820.1630918086662
1998,1998,-807.022789808666
1999,1999,-806.5515698086659
2000,2000,-806.0803498086659
2001,2001,-717.4243958086662
2002,2002,-706.9874538086659
2003,2003,-709.3676368086662
2004,2004,-727.5192533086661
2005,2005,-745.6708698086659
2006,2006,-766.0734128086659
2007,2007,-760.1461958086661
2008,2008,-777.4192128086661
2009,2009,-738.682956808666
2010,2010,-727.5307828086661
2011,2011,-718.3907861419995
2012,2012,-709.2507894753329
2013,2013,-700.1107928086662
2014,2014,-704.5166938086661
2015,2015,-708.922594808666
2016,2016,-714.7678328086662
2017,2017,-712.049436475333
2018,2018,-709.3310401419998
2019,2019,-706.6126438086662
2020,2020,-693.4907838086659
2021,2021,-692.0369658086661
2022,2022,-714.8155478086659
2023,2023,-716.5461718086659
2024,2024,-718.2767958086661
2025,2025,-728.140595308666
2026,2026,-738.0043948086659
2027,2027,-749.4637588086663
2028,2028,-755.8316128086663
2029,2029,-782.4704078086661
2030,2030,-787.3185968086659
2031,2031,-793.2947713086659
2032,2032,-799.2709458086659
2033,2033,-826.0347867968112
2034,2034,-804.9023728027388
2035,2035,-783.7699588086663
2036,2036,-810.5011548086659
2037,2037,-790.3782568086663
2038,2038,-778.3826278086663
2039,2039,-766.3869988086662
2040,2040,-769.5837188086663
2041,2041,-772.7804388086661
2042,2042,-778.5033131419995
2043,2043,-784.2261874753328
2044,2044,-789.9490618086661
2045,2045,-803.7932998086662
2046,2046,-795.8738538086659
2047,2047,-803.5064608086659
2048,2048,-808.5835181419992
2049,2049,-813.6605754753326
2050,2050,-818.7376328086659
2051,2051,-831.599384808666
2052,2052,-805.7476178086662
2053,2053,-808.3296278086659
2054,2054,-810.9116378086659
2055,2055,-823.4496738086659
2056,2056,-832.1141468086662
2057,2057,-836.9650358086662
2058,2058,-841.8159248086662
2059,2059,-847.8839008086661
2060,2060,-855.0347488086661
2061,2061,-862.1855968086661
2062,2062,-873.3889098086661
2063,2063,-904.2729781405612
2064,2064,-889.5637164746138
2065,2065,-874.8544548086661
2066,2066,-886.8090558086659
2067,2067,-888.5417188086659
2068,2068,-890.2743818086659
2069,2069,-892.0070448086663
2070,2070,-889.9848438086659
2071,2071,-941.334234308666
2072,2072,-992.683624808666
2073,2073,-979.501909808666
2074,2074,-975.805760808666
2075,2075,-961.2534798086664
2076,2076,-958.6464851419996
2077,2077,-956.0394904753329
2078,2078,-953.432495808666
2079,2079,-953.932498808666
2080,2080,-985.4672338086664
2081,2081,-1013.417148808666
2082,2082,-1012.2990448086664
2083,2083,-998.890932808666
2084,2084,-985.482820808666
2085,2085,-1007.183782808666
2086,2086,-1017.094660808666
2087,2087,-1056.6307879859885
2088,2088,-1096.1669151633105
2089,2089,-1127.843521569109
2090,2090,-1072.9088441888875
2091,2091,-1017.974166808666
2092,2092,-1028.434205308666
2093,2093,-1038.894243808666
2094,2094,-1053.216044808666
2095,2095,-1060.9698408086658
2096,2096,-1068.723636808666
2097,2097,-1076.477432808666
2098,2098,-1087.839910808666
2099,2099,-1107.9902541419997
2100,2100,-1128.1405974753327
2101,2101,-1148.2909408086662
2102,2102,-1139.044394808666
2103,2103,-1099.7507698086658
2104,2104,-1131.9663662609885
2105,2105,-1164.181962713311
2106,2106,-1088.2298738086658
2107,2107,-1061.209320808666
2108,2108,-1008.307352808666
2109,2109,-1023.8844558086662
2110,2110,-1036.7410018086662
2111,2111,-1003.231866808666
2112,2112,-1025.8918478086662
2113,2113,-1039.509617808666
2114,2114,-1030.6534108086662
2115,2115,-1038.513083808666
2116,2116,-1029.978258808666
2117,2117,-1021.443433808666
2118,2118,-1020.260812808666
2119,2119,-993.515737808666
2120,2120,-966.7706628086662
2121,2121,-984.380027808666
2122,2122,-1002.1644608086664
2123,2123,-1015.055423808666
2124,2124,-998.4421938086664
2125,2125,-1005.976781808666
2126,2126,-1003.0645288086662
2127,2127,-976.9921988086662
2128,2128,-965.930916808666
2129,2129,-961.480301808666
2130,2130,-976.0750118086662
2131,2131,-974.171226308666
2132,2132,-972.267440808666
2133,2133,-968.258833308666
2134,2134,-964.250225808666
2135,2135,-988.133168808666
2136,2136,-965.969143808666
2137,2137,-943.805118808666
2138,2138,-934.4837848086664
2139,2139,-944.429755808666
2140,2140,-937.698717808666
2141,2141,-930.9676798086664
2142,2142,-926.068060808666
2143,2143,-911.660155808666
2144,2144,-932.970963808666
2145,2145,-960.324586808666
2146,2146,-967.469982808666
2147,2147,-974.6153788086664
2148,2148,-967.405297808666
2149,2149,-978.143043808666
2150,2150,-1061.851896097456
2151,2151,-1052.130129953061
2152,2152,-1042.408363808666
2153,2153,-1050.9774408086662
2154,2154,-1028.1236938086658
2155,2155,-1037.3591138086658
2156,2156,-1046.594533808666
2157,2157,-1049.618576808666
2158,2158,-1057.534620808666
2159,2159,-1041.226805808666
2160,2160,-1034.283025808666
2161,2161,-1028.651269808666
2162,2162,-1023.019513808666
2163,2163,-1039.9502518086658
2164,2164,-1061.863669808666
2165,2165,-1064.108906808666
2166,2166,-1066.354143808666
2167,2167,-1068.5993808086662
2168,2168,-1070.3209523086662
2169,2169,-1072.042523808666
2170,2170,-1069.1211788086662
2171,2171,-1086.502289808666
2172,2172,-1101.0802538086662
2173,2173,-1122.764874808666
2174,2174,-1144.449495808666
2175,2175,-1104.8981048086662
2176,2176,-1093.3663688086658
2177,2177,-1082.386275808666
2178,2178,-1129.3368628086662
2179,2179,-1140.966038808666
2180,2180,-1152.595214808666
2181,2181,-1124.8860368086662
2182,2182,-1093.4699778086658
2183,2183,-1076.677269308666
2184,2184,-1059.884560808666
2185,2185,-1073.824061808666
2186,2186,-1080.7405988086662
2187,2187,-1069.977649808666
2188,2188,-1098.245578808666
2189,2189,-1091.6800748086662
2190,2190,-1084.4430498086658
2191,2191,-1069.570298808666
2192,2192,-1054.6975478086658
2193,2193,-1040.601331308666
2194,2194,-1026.505114808666
2195,2195,-1052.707259808666
2196,2196,-1076.207470808666
2197,2197,-1098.942220558666
2198,2198,-1121.676970308666
2199,2199,-1144.411720058666
2200,2200,-1167.146469808666
2201,2201,-1134.1883198086662
2202,2202,-1159.842735808666
2203,2203,-1193.3520106033106
2204,2204,-1167.0323262059885
2205,2205,-1140.712641808666
2206,2206,-1143.725572808666
2207,2207,-1166.039156808666
2208,2208,-1190.795383808666
2209,2209,-1168.0495908086662
2210,2210,-1158.5341213086665
2211,2211,-1149.0186518086662
2212,2212,-1171.0128418086658
2213,2213,-1159.0092898086662
2214,2214,-1206.4350308086662
2215,2215,-1217.204202308666
2216,2216,-1227.973373808666
2217,2217,-1167.3304798086658
2218,2218,-1148.2657893086655
2219,2219,-1129.2010988086658
2220,2220,-1155.9377208086662
2221,2221,-1155.5255778086662
2222,2222,-1206.9120171609884
2223,2223,-1183.616457984827
2224,2224,-1160.320898808666
2225,2225,-1203.6487328086662
2226,2226,-1185.938013808666
2227,2227,-1141.7733238086662
2228,2228,-1128.7091138086662
2229,2229,-1112.930356308666
2230,2230,-1097.151598808666
2231,2231,-1098.563589308666
2232,2232,-1099.975579808666
2233,2233,-1089.6839438086658
2234,2234,-1050.0
2235,2235,-1050.0
2236,2236,-1050.0
2237,2237,-1026.227614808666
2238,2238,-1032.945410808666
2239,2239,-1030.9259438086658
2240,2240,-1028.906476808666
2241,2241,-1026.887009808666
2242,2242,-1042.324090808666
2243,2243,-1067.5117793086658
2244,2244,-1092.699467808666
2245,2245,-1083.9366208086658
2246,2246,-1075.1737738086658
2247,2247,-1064.2061078086658
2248,2248,-1070.715149808666
2249,2249,-1077.224191808666
2250,2250,-1081.661177808666
2251,2251,-1051.107004808666
2252,2252,-1080.914192808666
2253,2253,-1111.836039808666
2254,2254,-1063.838509808666
2255,2255,-1042.814151308666
2256,2256,-1021.789792808666
2257,2257,-996.636553308666
2258,2258,-971.483313808666
2259,2259,-997.141790808666
2260,2260,-991.991674808666
2261,2261,-986.841558808666
2262,2262,-973.097299808666
2263,2263,-957.806523808666
2264,2264,-997.8078768086664
2265,2265,-1019.1752618086664
2266,2266,-998.0787138086662
2267,2267,-999.772999808666
2268,2268,-978.580672808666
2269,2269,-997.4368788086664
2270,2270,-994.2538438086664
2271,2271,-1014.2868338086662
2272,2272,-994.840548808666
2273,2273,-1036.9428198086662
2274,2274,-1046.8194623086658
2275,2275,-1056.6961048086662
2276,2276,-1082.517599808666
2277,2277,-1104.534974808666
2278,2278,-1063.3892748086662
2279,2279,-1066.436539808666
2280,2280,-1034.629792808666
2281,2281,-1045.2690038086662
2282,2282,-1025.7350968086662
2283,2283,-1006.2011898086662
2284,2284,-1005.540072808666
2285,2285,-1018.485226808666
2286,2286,-1031.430380808666
2287,2287,-1014.729677808666
2288,2288,-1001.1801728086664
2289,2289,-997.979311808666
2290,2290,-1002.2520681419992
2291,2291,-1006.5248244753328
2292,2292,-1010.7975808086662
2293,2293,-1039.3121828086662
2294,2294,-1010.3531708086664
2295,2295,-1001.885083808666
2296,2296,-1004.417120808666
2297,2297,-1016.4136711419992
2298,2298,-1028.4102214753327
2299,2299,-1040.406771808666
2300,2300,-1048.4390848086662
2301,2301,-1022.008740741894
2302,2302,-1088.0015284526023
2303,2303,-1089.036537130634
2304,2304,-1090.071545808666
2305,2305,-1095.841989308666
2306,2306,-1101.6124328086662
2307,2307,-1114.578328808666
2308,2308,-1110.659958808666
2309,2309,-1063.8094820060674
2310,2310,-1126.5464610695328
2311,2311,-1189.2834401329987
2312,2312,-1167.5352329708326
2313,2313,-1145.7870258086662
2314,2314,-1153.8702868086662
2315,2315,-1160.054740808666
2316,2316,-1187.978420808666
2317,2317,-1197.436904808666
2318,2318,-1191.027507808666
2319,2319,-1191.037346808666
2320,2320,-1191.0471858086662
2321,2321,-1219.286555808666
2322,2322,-1209.1892598086658
2323,2323,-1233.4605678086662
2324,2324,-1193.4449778086662
2325,2325,-1201.725715808666
2326,2326,-1207.870515808666
2327,2327,-1220.4504738086662
2328,2328,-1225.9839378086658
2329,2329,-1299.710943808666
2330,2330,-1266.165416808666
2331,2331,-1281.175549808666
2332,2332,-1299.957427808666
2333,2333,-1276.0972128086662
2334,2334,-1238.5872658086662
2335,2335,-1208.143663808666
2336,2336,-1264.5967668086662
2337,2337,-1234.658572808666
2338,2338,-1204.7203788086658
2339,2339,-1204.102997808666
2340,2340,-1233.928842808666
2341,2341,-1244.544922808666
2342,2342,-1227.9836198086662
2343,2343,-1330.6545478086662
2344,2344,-1326.193117808666
2345,2345,-1355.471361308666
2346,2346,-1384.7496048086664
2347,2347,-1350.499335308666
2348,2348,-1316.2490658086658
2349,2349,-1272.705037808666
2350,2350,-1274.391953808666
2351,2351,-1246.752064808666
2352,2352,-1213.908401808666
2353,2353,-1239.233099808666
2354,2354,-1210.040911808666
2355,2355,-1207.1839719753325
2356,2356,-1204.327032141999
2357,2357,-1201.4700923086662
2358,2358,-1198.6131524753328
2359,2359,-1195.7562126419994
2360,2360,-1192.8992728086662
2361,2361,-1201.5725408086662
2362,2362,-1210.245808808666
2363,2363,-1218.919076808666
2364,2364,-1169.3647368086658
2365,2365,-1158.3585288086658
2366,2366,-1253.5082538086658
2367,2367,-1287.043655808666
2368,2368,-1288.568920808666
2369,2369,-1290.094185808666
2370,2370,-1329.8712238086662
2371,2371,-1336.347660808666
2372,2372,-1342.824097808666
2373,2373,-1349.3005348086658
2374,2374,-1369.8708880155611
2375,2375,-1344.9439019121137
2376,2376,-1320.016915808666
2377,2377,-1341.028216208666
2378,2378,-1362.039516608666
2379,2379,-1383.0508170086664
2380,2380,-1404.0621174086664
2381,2381,-1425.073417808666
2382,2382,-1448.6256848086664
2383,2383,-1446.5541093086665
2384,2384,-1444.4825338086664
2385,2385,-1442.4109583086663
2386,2386,-1440.3393828086664
2387,2387,-1370.101706808666
2388,2388,-1406.406141808666
2389,2389,-1439.192055808666
2390,2390,-1461.585329808666
2391,2391,-1403.769532808666
2392,2392,-1345.953735808666
2393,2393,-1315.4235558086662
2394,2394,-1285.417978808666
2395,2395,-1287.403296808666
2396,2396,-1310.722203808666
2397,2397,-1341.002006808666
2398,2398,-1371.281809808666
2399,2399,-1385.6942618086664
2400,2400,-1333.592146808666
2401,2401,-1351.048782808666
2402,2402,-1368.505418808666
2403,2403,-1362.326085808666
2404,2404,-1308.340737308666
2405,2405,-1254.355388808666
2406,2406,-1251.1866548086662
2407,2407,-1259.7043048086662
2408,2408,-1341.373187808666
2409,2409,-1340.410364808666
2410,2410,-1339.4475418086658
2411,2411,-1363.0384138086658
2412,2412,-1380.0737658086664
2413,2413,-1397.109117808666
2414,2414,-1414.144469808666
2415,2415,-1310.956476808666
2416,2416,-1309.153976808666
2417,2417,-1274.6632758086662
2418,2418,-1302.926799308666
2419,2419,-1331.190322808666
2420,2420,-1330.8559973086658
2421,2421,-1330.5216718086658
2422,2422,-1307.569413808666
2423,2423,-1284.617155808666
2424,2424,-1212.358019808666
2425,2425,-1140.0988838086662
2426,2426,-1154.4467288086662
2427,2427,-1090.218545808666
2428,2428,-1079.8334978086662
2429,2429,-1074.079368808666
2430,2430,-1042.407273808666
2431,2431,-1010.7351788086662
2432,2432,-994.4115188086662
2433,2433,-968.5165808086664
2434,2434,-980.2988193086662
2435,2435,-992.0810578086662
2436,2436,-986.400427808666
2437,2437,-993.657850308666
2438,2438,-1000.915272808666
2439,2439,-1014.503377808666
2440,2440,-1065.4705613474562
2441,2441,-1027.282232078061
2442,2442,-989.093902808666
2443,2443,-958.557968308666
2444,2444,-928.022033808666
2445,2445,-942.993992808666
2446,2446,-957.965951808666
2447,2447,-972.937910808666
2448,2448,-1004.280540808666
2449,2449,-1022.941396808666
2450,2450,-1029.4371468086658
2451,2451,-1059.6647178086662
2452,2452,-1077.9347078086662
2453,2453,-1065.7821118086658
2454,2454,-1072.7664878086662
2455,2455,-1056.611154808666
2456,2456,-1101.060592808666
2457,2457,-1117.7930588086658
2458,2458,-1118.3245778086662
2459,2459,-1123.500032808666
2460,2460,-1087.3886948086658
2461,2461,-1105.344204308666
2462,2462,-1123.2997138086662
2463,2463,-1090.7413108086662
2464,2464,-1102.166130808666
2465,2465,-1099.483137768887
2466,2466,-1096.8001447291083
2467,2467,-1094.1171516893294
2468,2468,-1091.434158649551
2469,2469,-1088.7511656097718
2470,2470,-1086.068172569993
2471,2471,-1083.385179530214
2472,2472,-1080.7021864904352
2473,2473,-1078.0191934506563
2474,2474,-1075.3362004108776
2475,2475,-1072.653207371099
2476,2476,-1069.97021433132
2477,2477,-1067.2872212915413
2478,2478,-1064.6042282517624
2479,2479,-1096.7930609733105
2480,2480,-1015.511240808666
2481,2481,-984.916818808666
2482,2482,-954.322396808666
2483,2483,-971.392631808666
2484,2484,-933.4923238086662
2485,2485,-966.0708088086662
2486,2486,-989.6005138086664
2487,2487,-999.7795528086664
2488,2488,-990.674487808666
2489,2489,-963.497803308666
2490,2490,-936.321118808666
2491,2491,-927.900691808666
2492,2492,-919.480264808666
2493,2493,-927.5396848086664
2494,2494,-940.622029808666
2495,2495,-962.5358218086662
2496,2496,-968.467261308666
2497,2497,-974.398700808666
2498,2498,-1015.258953808666
2499,2499,-1000.382906308666
2500,2500,-985.506858808666
2501,2501,-996.0405334753326
2502,2502,-1006.5742081419992
2503,2503,-1017.107882808666
2504,2504,-993.9716063086662
2505,2505,-970.8353298086664
2506,2506,-949.5872988086662
2507,2507,-937.818869808666
2508,2508,-939.953718808666
2509,2509,-949.7840998086664
2510,2510,-956.2059668086664
2511,2511,-964.2192998086664
2512,2512,-981.6932438086664
2513,2513,-999.1671878086664
2514,2514,-1018.3558608086662
2515,2515,-1013.176195808666
2516,2516,-1029.9573098086662
